-- phpMyAdmin SQL Dump
-- version 5.2.1
-- https://www.phpmyadmin.net/
--
-- Host: 127.0.0.1
-- Generation Time: Jun 18, 2024 at 01:12 PM
-- Server version: 10.4.32-MariaDB
-- PHP Version: 8.2.12

SET SQL_MODE = "NO_AUTO_VALUE_ON_ZERO";
START TRANSACTION;
SET time_zone = "+00:00";


/*!40101 SET @OLD_CHARACTER_SET_CLIENT=@@CHARACTER_SET_CLIENT */;
/*!40101 SET @OLD_CHARACTER_SET_RESULTS=@@CHARACTER_SET_RESULTS */;
/*!40101 SET @OLD_COLLATION_CONNECTION=@@COLLATION_CONNECTION */;
/*!40101 SET NAMES utf8mb4 */;

--
-- Database: `basarnas`
--

-- --------------------------------------------------------

--
-- Table structure for table `admin`
--

CREATE TABLE `admin` (
  `NIP_Admin` int(20) NOT NULL,
  `Foto_Admin` longblob NOT NULL,
  `Nama_Lengkap_Admin` varchar(30) NOT NULL,
  `Tanggal_Lahir_Admin` date NOT NULL,
  `Umur_Admin` int(3) NOT NULL,
  `Alamat_Admin` text NOT NULL,
  `No_Telepon_Admin` varchar(20) NOT NULL,
  `Jabatan_Admin` enum('Satu','Dua','Tiga') NOT NULL,
  `Jenis_Kelamin_Admin` enum('Pria','Wanita') NOT NULL,
  `Kata_Sandi_Admin` varchar(100) NOT NULL,
  `Konfirmasi_Kata_Sandi_Admin` varchar(100) NOT NULL
) ENGINE=InnoDB DEFAULT CHARSET=utf8mb4 COLLATE=utf8mb4_general_ci;

-- --------------------------------------------------------

--
-- Table structure for table `gajars_pria_sit_up_kaki_di_tekuk_pria`
--

CREATE TABLE `gajars_pria_sit_up_kaki_di_tekuk_pria` (
  `ID_Sit_Up_Kaki_Di_Tekuk_Pria` int(11) NOT NULL,
  `NIP_Pengguna` int(20) NOT NULL,
  `Jumlah_Sit_Up_Kaki_Di_Tekuk_Pria` int(4) NOT NULL,
  `Nilai_Sit_Up_Kaki_Di_Tekuk_Pria` int(3) NOT NULL
) ENGINE=InnoDB DEFAULT CHARSET=utf8mb4 COLLATE=utf8mb4_general_ci;

-- --------------------------------------------------------

--
-- Table structure for table `garjas_pria_push_up`
--

CREATE TABLE `garjas_pria_push_up` (
  `ID_Push_Up_Pria` int(11) NOT NULL,
  `NIP_Pengguna` int(20) NOT NULL,
  `Jumlah_Push_Up_Pria` int(4) NOT NULL,
  `Nilai_Push_Up_Pria` int(3) NOT NULL
) ENGINE=InnoDB DEFAULT CHARSET=utf8mb4 COLLATE=utf8mb4_general_ci;

--
-- Dumping data for table `garjas_pria_push_up`
--

INSERT INTO `garjas_pria_push_up` (`ID_Push_Up_Pria`, `NIP_Pengguna`, `Jumlah_Push_Up_Pria`, `Nilai_Push_Up_Pria`) VALUES
(40, 225001010, 3, 5);

-- --------------------------------------------------------

--
-- Table structure for table `garjas_pria_sit_up_kaki_lurus`
--

CREATE TABLE `garjas_pria_sit_up_kaki_lurus` (
  `ID_Sit_Up_Kaki_Lurus_Pria` int(11) NOT NULL,
  `NIP_Pengguna` int(20) NOT NULL,
  `Jumlah_Sit_Up_Kaki_Lurus_Pria` int(4) NOT NULL,
  `Nilai_Sit_Up_Kaki_Lurus_Pria` int(3) NOT NULL
) ENGINE=InnoDB DEFAULT CHARSET=utf8mb4 COLLATE=utf8mb4_general_ci;

--
-- Dumping data for table `garjas_pria_sit_up_kaki_lurus`
--

INSERT INTO `garjas_pria_sit_up_kaki_lurus` (`ID_Sit_Up_Kaki_Lurus_Pria`, `NIP_Pengguna`, `Jumlah_Sit_Up_Kaki_Lurus_Pria`, `Nilai_Sit_Up_Kaki_Lurus_Pria`) VALUES
(1, 2147483647, 40, 78);

-- --------------------------------------------------------

--
-- Table structure for table `garjas_wanita_chin_up`
--

CREATE TABLE `garjas_wanita_chin_up` (
  `ID_Wanita_Chin_Up` int(11) NOT NULL,
  `NIP_Pengguna` int(20) NOT NULL,
  `Jumlah_Chin_Up_Wanita` int(4) NOT NULL,
  `Nilai_Chin_Up_Wanita` int(3) NOT NULL
) ENGINE=InnoDB DEFAULT CHARSET=utf8mb4 COLLATE=utf8mb4_general_ci;

--
-- Dumping data for table `garjas_wanita_chin_up`
--

INSERT INTO `garjas_wanita_chin_up` (`ID_Wanita_Chin_Up`, `NIP_Pengguna`, `Jumlah_Chin_Up_Wanita`, `Nilai_Chin_Up_Wanita`) VALUES
(8, 3333, 33, 57);

-- --------------------------------------------------------

--
-- Table structure for table `garjas_wanita_push_up`
--

CREATE TABLE `garjas_wanita_push_up` (
  `ID_Wanita_Push_Up` int(11) NOT NULL,
  `NIP_Pengguna` int(20) NOT NULL,
  `Jumlah_Push_Up_Wanita` int(4) NOT NULL,
  `Nilai_Push_Up_Wanita` int(3) NOT NULL
) ENGINE=InnoDB DEFAULT CHARSET=utf8mb4 COLLATE=utf8mb4_general_ci;

--
-- Dumping data for table `garjas_wanita_push_up`
--

INSERT INTO `garjas_wanita_push_up` (`ID_Wanita_Push_Up`, `NIP_Pengguna`, `Jumlah_Push_Up_Wanita`, `Nilai_Push_Up_Wanita`) VALUES
(5, 3333, 33, 89),
(7, 565656, 12, 45),
(8, 3333, 5, 19);

-- --------------------------------------------------------

--
-- Table structure for table `garjas_wanita_shuttle_run`
--

CREATE TABLE `garjas_wanita_shuttle_run` (
  `ID_Wanita_Shuttle_Run` int(11) NOT NULL,
  `NIP_Pengguna` int(20) NOT NULL,
  `Jumlah_Shuttle_Run_Wanita` int(4) NOT NULL,
  `Nilai_Shuttle_Run_Wanita` int(3) NOT NULL
) ENGINE=InnoDB DEFAULT CHARSET=utf8mb4 COLLATE=utf8mb4_general_ci;

--
-- Dumping data for table `garjas_wanita_shuttle_run`
--

INSERT INTO `garjas_wanita_shuttle_run` (`ID_Wanita_Shuttle_Run`, `NIP_Pengguna`, `Jumlah_Shuttle_Run_Wanita`, `Nilai_Shuttle_Run_Wanita`) VALUES
(9, 565656, 31, 85),
(10, 3333, 5, 19);

-- --------------------------------------------------------

--
-- Table structure for table `garjas_wanita_sit_up_kaki_di_tekuk`
--

CREATE TABLE `garjas_wanita_sit_up_kaki_di_tekuk` (
  `ID_Wanita_Sit_Up_Kaki_Di_Tekuk` int(11) NOT NULL,
  `NIP_Pengguna` int(20) NOT NULL,
  `Jumlah_Sit_Up_Kaki_Di_Tekuk_Wanita` int(4) NOT NULL,
  `Nilai_Sit_Up_Kaki_Di_Tekuk_Wanita` int(3) NOT NULL
) ENGINE=InnoDB DEFAULT CHARSET=utf8mb4 COLLATE=utf8mb4_general_ci;

--
-- Dumping data for table `garjas_wanita_sit_up_kaki_di_tekuk`
--

INSERT INTO `garjas_wanita_sit_up_kaki_di_tekuk` (`ID_Wanita_Sit_Up_Kaki_Di_Tekuk`, `NIP_Pengguna`, `Jumlah_Sit_Up_Kaki_Di_Tekuk_Wanita`, `Nilai_Sit_Up_Kaki_Di_Tekuk_Wanita`) VALUES
(1, 3333, 12, 20);

-- --------------------------------------------------------

--
-- Table structure for table `garjas_wanita_sit_up_kaki_lurus`
--

CREATE TABLE `garjas_wanita_sit_up_kaki_lurus` (
  `ID_Wanita_Sit_Up_Kaki_Lurus` int(11) NOT NULL,
  `NIP_Pengguna` int(20) NOT NULL,
  `Jumlah_Sit_Up_Kaki_Lurus_Wanita` int(4) NOT NULL,
  `Nilai_Sit_Up_Kaki_Lurus_Wanita` int(3) NOT NULL
) ENGINE=InnoDB DEFAULT CHARSET=utf8mb4 COLLATE=utf8mb4_general_ci;

--
-- Dumping data for table `garjas_wanita_sit_up_kaki_lurus`
--

INSERT INTO `garjas_wanita_sit_up_kaki_lurus` (`ID_Wanita_Sit_Up_Kaki_Lurus`, `NIP_Pengguna`, `Jumlah_Sit_Up_Kaki_Lurus_Wanita`, `Nilai_Sit_Up_Kaki_Lurus_Wanita`) VALUES
(10, 565656, 29, 50);

-- --------------------------------------------------------

--
-- Table structure for table `kompetensi`
--

CREATE TABLE `kompetensi` (
  `ID_Kompetensi` int(11) NOT NULL,
  `NIP_Pengguna` int(20) NOT NULL,
  `File_Sertifikat` longblob NOT NULL,
  `Nama_Sertifikat` varchar(50) NOT NULL,
  `Tanggal_Penerbitan_Sertifikat` date NOT NULL,
  `Masa_Berlaku` int(4) NOT NULL,
  `Tanggal_Berakhir_Sertifikat` date NOT NULL,
  `Kategori_Kompetensi` enum('Pemula','Terampil','Mahir') NOT NULL,
  `Status` enum('Aktif','Tidak Aktif') NOT NULL
) ENGINE=InnoDB DEFAULT CHARSET=utf8mb4 COLLATE=utf8mb4_general_ci;

-- --------------------------------------------------------

--
-- Table structure for table `pengguna`
--

CREATE TABLE `pengguna` (
  `NIP_Pengguna` int(20) NOT NULL,
  `Foto_Pengguna` longblob NOT NULL,
  `Nama_Lengkap_Pengguna` varchar(30) NOT NULL,
  `Tanggal_Lahir_Pengguna` date NOT NULL,
  `Umur_Pengguna` int(3) NOT NULL,
  `Alamat_Pengguna` text NOT NULL,
  `No_Telepon_Pengguna` varchar(20) NOT NULL,
  `Jabatan_Pengguna` enum('Satu','Dua','Tiga') NOT NULL,
  `Jenis_Kelamin_Pengguna` enum('Pria','Wanita') NOT NULL,
  `Kata_Sandi_Pengguna` varchar(100) NOT NULL,
  `Konfirmasi_Kata_Sandi_Pengguna` varchar(100) NOT NULL
) ENGINE=InnoDB DEFAULT CHARSET=utf8mb4 COLLATE=utf8mb4_general_ci;

--
-- Dumping data for table `pengguna`
--

INSERT INTO `pengguna` (`NIP_Pengguna`, `Foto_Pengguna`, `Nama_Lengkap_Pengguna`, `Tanggal_Lahir_Pengguna`, `Umur_Pengguna`, `Alamat_Pengguna`, `No_Telepon_Pengguna`, `Jabatan_Pengguna`, `Jenis_Kelamin_Pengguna`, `Kata_Sandi_Pengguna`, `Konfirmasi_Kata_Sandi_Pengguna`) VALUES
(3333, 0x363637313265306532376264642e6a7067, 'Sayang', '2004-03-04', 20, 'asdasdasd', '+62 812-2282-82832', 'Satu', 'Wanita', '$2y$10$j.s7VTOsMEPD3NfI3EcaB.xD4/xLcuaepwLVu8.2tkpRrnqPnxp2O', '$2y$10$j.s7VTOsMEPD3NfI3EcaB.xD4/xLcuaepwLVu8.2tkpRrnqPnxp2O'),
(565656, 0x363637313265356164346366322e706e67, 'Kesayangan', '2001-03-24', 23, 'apa aja deh', '+62 812-2382-732', 'Satu', 'Wanita', '$2y$10$mOOcj6i3MjCtwo0V1kQceeDXpjMhoNThGYCEfh9Z8jGr/1mHPkorm', '$2y$10$mOOcj6i3MjCtwo0V1kQceeDXpjMhoNThGYCEfh9Z8jGr/1mHPkorm'),
(225001010, 0x363636656562393532666539622e6a7067, 'Udin Ganteng', '1999-12-26', 24, 'Jakarta', '81223652490', 'Satu', 'Pria', '', ''),
(225008123, 0x363637313238613532623435342e6a7067, 'Ahsan', '2000-02-01', 24, 'Jakarta', '81223652490', 'Satu', 'Pria', '$2y$10$.2vYVhHk2AN5Yg69RpLjNecKmJnrqEs2Cm8WDHmE7n/bLEunrrGmu', '$2y$10$.2vYVhHk2AN5Yg69RpLjNecKmJnrqEs2Cm8WDHmE7n/bLEunrrGmu'),
(2147483647, 0x363636656561396131616433362e6a7067, 'Naufal', '2002-02-10', 22, 'Batujajar', '81223652490', 'Satu', 'Pria', '', '');

-- --------------------------------------------------------

--
-- Table structure for table `tes_jalan_pria`
--

CREATE TABLE `tes_jalan_pria` (
  `ID_Tes_Jalan_Pria` int(11) NOT NULL,
  `NIP_Pengguna` int(20) NOT NULL,
  `Waktu_Jalan_Pria` decimal(10,1) NOT NULL,
  `Nilai_Jalan_Pria` int(3) NOT NULL
) ENGINE=InnoDB DEFAULT CHARSET=utf8mb4 COLLATE=utf8mb4_general_ci;

--
-- Dumping data for table `tes_jalan_pria`
--

INSERT INTO `tes_jalan_pria` (`ID_Tes_Jalan_Pria`, `NIP_Pengguna`, `Waktu_Jalan_Pria`, `Nilai_Jalan_Pria`) VALUES
(18, 225001010, 17.0, 0);

-- --------------------------------------------------------

--
-- Table structure for table `tes_renang_pria`
--

CREATE TABLE `tes_renang_pria` (
  `ID_Renang_Pria` int(11) NOT NULL,
  `NIP_Pengguna` int(20) NOT NULL,
  `Waktu_Renang_Pria` varchar(50) NOT NULL,
  `Nama_Gaya_Renang_Pria` enum('Dada','Bebas','Lainnya','') NOT NULL,
  `Nilai_Renang_Pria` int(3) NOT NULL
) ENGINE=InnoDB DEFAULT CHARSET=utf8mb4 COLLATE=utf8mb4_general_ci;

--
-- Dumping data for table `tes_renang_pria`
--

INSERT INTO `tes_renang_pria` (`ID_Renang_Pria`, `NIP_Pengguna`, `Waktu_Renang_Pria`, `Nama_Gaya_Renang_Pria`, `Nilai_Renang_Pria`) VALUES
(14, 225001010, '10 detik', 'Dada', 100),
(15, 225008123, '101 detik', 'Dada', 42),
(17, 225001010, '50 detik', 'Dada', 93),
(18, 225008123, '02:23', 'Dada', 0),
(19, 225008123, '03:43', 'Dada', 0),
(20, 2147483647, '00:50', 'Dada', 93);

-- --------------------------------------------------------

--
-- Table structure for table `tes_renang_wanita`
--

CREATE TABLE `tes_renang_wanita` (
  `ID_Renang_Wanita` int(11) NOT NULL,
  `NIP_Pengguna` int(20) NOT NULL,
  `Waktu_Renang_Wanita` timestamp NOT NULL DEFAULT current_timestamp() ON UPDATE current_timestamp(),
  `Nama_Gaya_Renang_Wanita` enum('Dada','Bebas','Lainnya','') NOT NULL,
  `Nilai_Renang_Wanita` int(3) NOT NULL
) ENGINE=InnoDB DEFAULT CHARSET=utf8mb4 COLLATE=utf8mb4_general_ci;

--
-- Indexes for dumped tables
--

--
-- Indexes for table `admin`
--
ALTER TABLE `admin`
  ADD PRIMARY KEY (`NIP_Admin`);

--
-- Indexes for table `gajars_pria_sit_up_kaki_di_tekuk_pria`
--
ALTER TABLE `gajars_pria_sit_up_kaki_di_tekuk_pria`
  ADD PRIMARY KEY (`ID_Sit_Up_Kaki_Di_Tekuk_Pria`),
  ADD KEY `NIP_Pengguna` (`NIP_Pengguna`);

--
-- Indexes for table `garjas_pria_push_up`
--
ALTER TABLE `garjas_pria_push_up`
  ADD PRIMARY KEY (`ID_Push_Up_Pria`),
  ADD KEY `NIP_Pengguna` (`NIP_Pengguna`);

--
-- Indexes for table `garjas_pria_sit_up_kaki_lurus`
--
ALTER TABLE `garjas_pria_sit_up_kaki_lurus`
  ADD PRIMARY KEY (`ID_Sit_Up_Kaki_Lurus_Pria`),
  ADD KEY `NIP_Pengguna` (`NIP_Pengguna`);

--
-- Indexes for table `garjas_wanita_chin_up`
--
ALTER TABLE `garjas_wanita_chin_up`
  ADD PRIMARY KEY (`ID_Wanita_Chin_Up`),
  ADD KEY `NIP_Pengguna` (`NIP_Pengguna`);

--
-- Indexes for table `garjas_wanita_push_up`
--
ALTER TABLE `garjas_wanita_push_up`
  ADD PRIMARY KEY (`ID_Wanita_Push_Up`),
  ADD KEY `NIP_Pengguna` (`NIP_Pengguna`);

--
-- Indexes for table `garjas_wanita_shuttle_run`
--
ALTER TABLE `garjas_wanita_shuttle_run`
  ADD PRIMARY KEY (`ID_Wanita_Shuttle_Run`),
  ADD KEY `NIP_Pengguna` (`NIP_Pengguna`);

--
-- Indexes for table `garjas_wanita_sit_up_kaki_di_tekuk`
--
ALTER TABLE `garjas_wanita_sit_up_kaki_di_tekuk`
  ADD PRIMARY KEY (`ID_Wanita_Sit_Up_Kaki_Di_Tekuk`),
  ADD KEY `NIP_Pengguna` (`NIP_Pengguna`);

--
-- Indexes for table `garjas_wanita_sit_up_kaki_lurus`
--
ALTER TABLE `garjas_wanita_sit_up_kaki_lurus`
  ADD PRIMARY KEY (`ID_Wanita_Sit_Up_Kaki_Lurus`),
  ADD KEY `NIP_Pengguna` (`NIP_Pengguna`);

--
-- Indexes for table `kompetensi`
--
ALTER TABLE `kompetensi`
  ADD PRIMARY KEY (`ID_Kompetensi`),
  ADD KEY `NIP` (`NIP_Pengguna`);

--
-- Indexes for table `pengguna`
--
ALTER TABLE `pengguna`
  ADD PRIMARY KEY (`NIP_Pengguna`);

--
-- Indexes for table `tes_jalan_pria`
--
ALTER TABLE `tes_jalan_pria`
  ADD PRIMARY KEY (`ID_Tes_Jalan_Pria`),
  ADD KEY `NIP_Pengguna` (`NIP_Pengguna`);

--
-- Indexes for table `tes_renang_pria`
--
ALTER TABLE `tes_renang_pria`
  ADD PRIMARY KEY (`ID_Renang_Pria`),
  ADD KEY `NIP_Pengguna` (`NIP_Pengguna`);

--
-- Indexes for table `tes_renang_wanita`
--
ALTER TABLE `tes_renang_wanita`
  ADD PRIMARY KEY (`ID_Renang_Wanita`),
  ADD KEY `NIP_Pengguna` (`NIP_Pengguna`);

--
-- AUTO_INCREMENT for dumped tables
--

--
-- AUTO_INCREMENT for table `gajars_pria_sit_up_kaki_di_tekuk_pria`
--
ALTER TABLE `gajars_pria_sit_up_kaki_di_tekuk_pria`
  MODIFY `ID_Sit_Up_Kaki_Di_Tekuk_Pria` int(11) NOT NULL AUTO_INCREMENT;

--
-- AUTO_INCREMENT for table `garjas_pria_push_up`
--
ALTER TABLE `garjas_pria_push_up`
  MODIFY `ID_Push_Up_Pria` int(11) NOT NULL AUTO_INCREMENT, AUTO_INCREMENT=42;

--
-- AUTO_INCREMENT for table `garjas_pria_sit_up_kaki_lurus`
--
ALTER TABLE `garjas_pria_sit_up_kaki_lurus`
  MODIFY `ID_Sit_Up_Kaki_Lurus_Pria` int(11) NOT NULL AUTO_INCREMENT, AUTO_INCREMENT=2;

--
-- AUTO_INCREMENT for table `garjas_wanita_chin_up`
--
ALTER TABLE `garjas_wanita_chin_up`
  MODIFY `ID_Wanita_Chin_Up` int(11) NOT NULL AUTO_INCREMENT, AUTO_INCREMENT=9;

--
-- AUTO_INCREMENT for table `garjas_wanita_push_up`
--
ALTER TABLE `garjas_wanita_push_up`
  MODIFY `ID_Wanita_Push_Up` int(11) NOT NULL AUTO_INCREMENT, AUTO_INCREMENT=9;

--
-- AUTO_INCREMENT for table `garjas_wanita_shuttle_run`
--
ALTER TABLE `garjas_wanita_shuttle_run`
  MODIFY `ID_Wanita_Shuttle_Run` int(11) NOT NULL AUTO_INCREMENT, AUTO_INCREMENT=11;

--
-- AUTO_INCREMENT for table `garjas_wanita_sit_up_kaki_di_tekuk`
--
ALTER TABLE `garjas_wanita_sit_up_kaki_di_tekuk`
  MODIFY `ID_Wanita_Sit_Up_Kaki_Di_Tekuk` int(11) NOT NULL AUTO_INCREMENT, AUTO_INCREMENT=2;

--
-- AUTO_INCREMENT for table `garjas_wanita_sit_up_kaki_lurus`
--
ALTER TABLE `garjas_wanita_sit_up_kaki_lurus`
  MODIFY `ID_Wanita_Sit_Up_Kaki_Lurus` int(11) NOT NULL AUTO_INCREMENT, AUTO_INCREMENT=11;

--
-- AUTO_INCREMENT for table `kompetensi`
--
ALTER TABLE `kompetensi`
  MODIFY `ID_Kompetensi` int(11) NOT NULL AUTO_INCREMENT, AUTO_INCREMENT=20;

--
-- AUTO_INCREMENT for table `tes_jalan_pria`
--
ALTER TABLE `tes_jalan_pria`
  MODIFY `ID_Tes_Jalan_Pria` int(11) NOT NULL AUTO_INCREMENT, AUTO_INCREMENT=19;

--
-- AUTO_INCREMENT for table `tes_renang_pria`
--
ALTER TABLE `tes_renang_pria`
  MODIFY `ID_Renang_Pria` int(11) NOT NULL AUTO_INCREMENT, AUTO_INCREMENT=21;

--
-- AUTO_INCREMENT for table `tes_renang_wanita`
--
ALTER TABLE `tes_renang_wanita`
  MODIFY `ID_Renang_Wanita` int(11) NOT NULL AUTO_INCREMENT;

--
-- Constraints for dumped tables
--

--
-- Constraints for table `gajars_pria_sit_up_kaki_di_tekuk_pria`
--
ALTER TABLE `gajars_pria_sit_up_kaki_di_tekuk_pria`
  ADD CONSTRAINT `gajars_pria_sit_up_kaki_di_tekuk_pria_ibfk_1` FOREIGN KEY (`NIP_Pengguna`) REFERENCES `pengguna` (`NIP_Pengguna`) ON DELETE CASCADE ON UPDATE CASCADE;

--
-- Constraints for table `garjas_pria_push_up`
--
ALTER TABLE `garjas_pria_push_up`
  ADD CONSTRAINT `garjas_pria_push_up_ibfk_1` FOREIGN KEY (`NIP_Pengguna`) REFERENCES `pengguna` (`NIP_Pengguna`) ON DELETE CASCADE ON UPDATE CASCADE;

--
-- Constraints for table `kompetensi`
--
ALTER TABLE `kompetensi`
  ADD CONSTRAINT `kompetensi_ibfk_1` FOREIGN KEY (`NIP_Pengguna`) REFERENCES `pengguna` (`NIP_Pengguna`) ON DELETE CASCADE ON UPDATE CASCADE;

--
-- Constraints for table `tes_jalan_pria`
--
ALTER TABLE `tes_jalan_pria`
  ADD CONSTRAINT `tes_jalan_pria_ibfk_1` FOREIGN KEY (`NIP_Pengguna`) REFERENCES `pengguna` (`NIP_Pengguna`) ON DELETE CASCADE ON UPDATE CASCADE;

--
-- Constraints for table `tes_renang_pria`
--
ALTER TABLE `tes_renang_pria`
  ADD CONSTRAINT `tes_renang_pria_ibfk_1` FOREIGN KEY (`NIP_Pengguna`) REFERENCES `pengguna` (`NIP_Pengguna`) ON DELETE CASCADE ON UPDATE CASCADE;

--
-- Constraints for table `tes_renang_wanita`
--
ALTER TABLE `tes_renang_wanita`
  ADD CONSTRAINT `tes_renang_wanita_ibfk_1` FOREIGN KEY (`NIP_Pengguna`) REFERENCES `pengguna` (`NIP_Pengguna`) ON DELETE CASCADE ON UPDATE CASCADE;
COMMIT;

/*!40101 SET CHARACTER_SET_CLIENT=@OLD_CHARACTER_SET_CLIENT */;
/*!40101 SET CHARACTER_SET_RESULTS=@OLD_CHARACTER_SET_RESULTS */;
/*!40101 SET COLLATION_CONNECTION=@OLD_COLLATION_CONNECTION */;
